{"cameraMode":{"drawMode":0,"name":"Shaded","section":"Shading Mode"},"sceneLighting":false,"audioPlay":false,"sceneViewState":{"m_AlwaysRefresh":false,"showFog":true,"showSkybox":false,"showFlares":true,"showImageEffects":true,"showParticleSystems":true,"showVisualEffectGraphs":true,"m_FxEnabled":true},"in2DMode":false,"pivot":{"x":-0.7096468210220337,"y":1.0055724382400513,"z":-0.3640938401222229},"rotation":{"x":-0.06580046564340592,"y":0.8621839284896851,"z":-0.11605928838253021,"w":-0.4887411296367645},"size":1.0235364437103272,"orthographic":false}