{"cameraMode":{"drawMode":0,"name":"Shaded","section":"Shading Mode"},"sceneLighting":false,"audioPlay":false,"sceneViewState":{"m_AlwaysRefresh":false,"showFog":true,"showSkybox":false,"showFlares":true,"showImageEffects":true,"showParticleSystems":true,"showVisualEffectGraphs":true,"m_FxEnabled":true},"in2DMode":false,"pivot":{"x":0.08556070178747177,"y":1.7224252223968506,"z":0.8034524917602539},"rotation":{"x":-0.002745272358879447,"y":0.9967617988586426,"z":-0.07070030272006989,"w":-0.03859235346317291},"size":0.24223965406417848,"orthographic":false}