{"cameraMode":{"drawMode":0,"name":"Shaded","section":"Shading Mode"},"sceneLighting":false,"audioPlay":false,"sceneViewState":{"m_AlwaysRefresh":false,"showFog":true,"showSkybox":false,"showFlares":true,"showImageEffects":true,"showParticleSystems":true,"showVisualEffectGraphs":true,"m_FxEnabled":true},"in2DMode":false,"pivot":{"x":0.19109609723091126,"y":-0.058921873569488528,"z":-0.16584545373916627},"rotation":{"x":-0.013116289861500264,"y":0.9862227439880371,"z":-0.09677242487668991,"w":-0.13365228474140168},"size":0.4145444333553314,"orthographic":false}