{"cameraMode":{"drawMode":0,"name":"Shaded","section":"Shading Mode"},"sceneLighting":false,"audioPlay":false,"sceneViewState":{"m_AlwaysRefresh":false,"showFog":true,"showSkybox":false,"showFlares":true,"showImageEffects":true,"showParticleSystems":true,"showVisualEffectGraphs":true,"m_FxEnabled":true},"in2DMode":false,"pivot":{"x":-0.15751627087593079,"y":0.5126005411148071,"z":1.1451735496520997},"rotation":{"x":0.003812687937170267,"y":0.9962028861045837,"z":-0.061655402183532718,"w":0.06164512038230896},"size":0.39803367853164675,"orthographic":false}