{"cameraMode":{"drawMode":0,"name":"Shaded","section":"Shading Mode"},"sceneLighting":false,"audioPlay":false,"sceneViewState":{"m_AlwaysRefresh":false,"showFog":true,"showSkybox":false,"showFlares":true,"showImageEffects":true,"showParticleSystems":true,"showVisualEffectGraphs":true,"m_FxEnabled":true},"in2DMode":false,"pivot":{"x":0.4123074412345886,"y":1.5365803241729737,"z":1.4391223192214966},"rotation":{"x":-0.056826792657375339,"y":0.924407422542572,"z":-0.3451153039932251,"w":-0.15221652388572694},"size":0.611566424369812,"orthographic":false}