{"count":1,"self":17.042744,"total":17.119596899999998,"children":{"InitializeActuators":{"count":1,"self":0.00099899999999999989,"total":0.00099899999999999989,"children":null},"InitializeSensors":{"count":1,"self":0.0009984,"total":0.0009984,"children":null},"AgentSendState":{"count":604,"self":0.0028485,"total":0.0098482999999999991,"children":{"CollectObservations":{"count":21,"self":0.00099969999999999985,"total":0.00099969999999999985,"children":null},"WriteActionMask":{"count":21,"self":0,"total":0,"children":null},"RequestDecision":{"count":21,"self":0.0060000999999999995,"total":0.0060000999999999995,"children":null}}},"DecideAction":{"count":604,"self":0.061006399999999995,"total":0.061006399999999995,"children":null},"AgentAct":{"count":604,"self":0.0030017,"total":0.0030017,"children":null}},"gauges":{},"metadata":{"timer_format_version":"0.1.0","start_time_seconds":"1623311728","unity_version":"2020.2.4f1","command_line_arguments":"C:\\Program Files\\2020.2.4f1\\Editor\\Unity.exe -projectpath D:\/Documentos\/ProyectoQuintoSemestre -useHub -hubIPC -cloudEnvironment production -hubSessionId c8479bd0-c968-11eb-9803-258a6dbccb76","communication_protocol_version":"1.4.0","com.unity.ml-agents_version":"1.8.0-preview","scene_name":"Menu","end_time_seconds":"1623311745"}}