{"cameraMode":{"drawMode":0,"name":"Shaded","section":"Shading Mode"},"sceneLighting":false,"audioPlay":false,"sceneViewState":{"m_AlwaysRefresh":false,"showFog":true,"showSkybox":false,"showFlares":true,"showImageEffects":true,"showParticleSystems":true,"showVisualEffectGraphs":true,"m_FxEnabled":true},"in2DMode":false,"pivot":{"x":-0.07255691289901734,"y":1.0460127592086793,"z":0.011530518531799317},"rotation":{"x":0.08614962548017502,"y":0.41273707151412966,"z":-0.03925364837050438,"w":0.9059354662895203},"size":1.4634685516357422,"orthographic":false}