{"cameraMode":{"drawMode":0,"name":"Shaded","section":"Shading Mode"},"sceneLighting":false,"audioPlay":false,"sceneViewState":{"m_AlwaysRefresh":false,"showFog":true,"showSkybox":false,"showFlares":true,"showImageEffects":true,"showParticleSystems":true,"showVisualEffectGraphs":true,"m_FxEnabled":true},"in2DMode":false,"pivot":{"x":-0.38320839405059817,"y":1.0775264501571656,"z":-0.7388404607772827},"rotation":{"x":0.08614962548017502,"y":0.41273707151412966,"z":-0.03925364837050438,"w":0.9059354662895203},"size":1.86233389377594,"orthographic":false}