{"cameraMode":{"drawMode":0,"name":"Shaded","section":"Shading Mode"},"sceneLighting":false,"audioPlay":false,"sceneViewState":{"m_AlwaysRefresh":false,"showFog":true,"showSkybox":false,"showFlares":true,"showImageEffects":true,"showParticleSystems":true,"showVisualEffectGraphs":true,"m_FxEnabled":true},"in2DMode":false,"pivot":{"x":0.05040949583053589,"y":-0.013051897287368775,"z":-0.011868417263031006},"rotation":{"x":0.08614962548017502,"y":0.41273707151412966,"z":-0.03925364837050438,"w":0.9059354662895203},"size":0.6148779988288879,"orthographic":false}